{
  "recommended_threshold": -3.865809004013646,
  "fpr": 0.13545816733067728,
  "recall": 0.9530201342281879,
  "f1_score": 0.8738461538461538,
  "accuracy": 0.8975,
  "precision": 0.8068181818181818
}